Datetime,Water Level (m)
2026-04-23 06:00:00,-0.000127577
2026-04-23 07:00:00,4.1195977e-05
2026-04-23 08:00:00,0.00036222095
2026-04-23 09:00:00,0.00056361145
2026-04-23 10:00:00,0.00043978234
2026-04-23 11:00:00,0.00019261788
2026-04-23 12:00:00,-0.0010004332
2026-04-23 13:00:00,-0.0016456407
2026-04-23 14:00:00,-0.0018877296
2026-04-23 15:00:00,-0.0022958305
2026-04-23 16:00:00,-0.0024596918
2026-04-23 17:00:00,-0.0018879756
2026-04-23 18:00:00,-0.001792145
2026-04-23 19:00:00,-0.0016225553
2026-04-23 20:00:00,-0.0014971204
2026-04-23 21:00:00,-0.0012923175
2026-04-23 22:00:00,-0.0011017215
2026-04-23 23:00:00,-0.00097276643
2026-04-24 00:00:00,-0.0009264945
2026-04-24 01:00:00,-0.00086247735
2026-04-24 02:00:00,-0.0010545017
2026-04-24 03:00:00,-0.0011945452
2026-04-24 04:00:00,-0.00133419
2026-04-24 05:00:00,-0.0013536009
2026-04-24 06:00:00,-0.0010120127
2026-04-24 07:00:00,-0.0007014584
2026-04-24 08:00:00,-0.0003307699
2026-04-24 09:00:00,8.289314e-05
2026-04-24 10:00:00,0.00021074653
2026-04-24 11:00:00,0.0002469734
2026-04-24 12:00:00,0.00025172206
2026-04-24 13:00:00,0.00016160146
2026-04-24 14:00:00,0.0004893105
2026-04-24 15:00:00,-0.0016779548
2026-04-24 16:00:00,-0.0010437298
2026-04-24 17:00:00,-0.001343982
2026-04-24 18:00:00,-0.0010516092
2026-04-24 19:00:00,-0.0010109994
2026-04-24 20:00:00,-0.001046719
2026-04-24 21:00:00,-0.00093808596
2026-04-24 22:00:00,-0.0008680105
2026-04-24 23:00:00,-0.0009145316
2026-04-25 00:00:00,-0.0006645957
2026-04-25 01:00:00,-0.0002528271
2026-04-25 02:00:00,-0.00050211203
2026-04-25 03:00:00,-0.00049373804
2026-04-25 04:00:00,-0.00064411125
2026-04-25 05:00:00,-0.00074057677
2026-04-25 06:00:00,-0.00072355627
2026-04-25 07:00:00,-0.0005759307
2026-04-25 08:00:00,-0.0005509147
2026-04-25 09:00:00,-0.00031586102
2026-04-25 10:00:00,0.00017015517
2026-04-25 11:00:00,0.001647011
2026-04-25 12:00:00,0.0037641684
2026-04-25 13:00:00,0.0013799795
2026-04-25 14:00:00,0.00089870876
2026-04-25 15:00:00,2.2849456e-06
2026-04-25 16:00:00,-0.00086877804
2026-04-25 17:00:00,-0.0007890185
2026-04-25 18:00:00,-3.5476617e-06
2026-04-25 19:00:00,-0.00091628305
2026-04-25 20:00:00,-0.0012947803
2026-04-25 21:00:00,-0.0017279572
2026-04-25 22:00:00,-0.0018283612
2026-04-25 23:00:00,-0.0017437235
2026-04-26 00:00:00,-0.0017762497
2026-04-26 01:00:00,-0.001435657
2026-04-26 02:00:00,-0.0009383245
2026-04-26 03:00:00,-0.001013788
2026-04-26 04:00:00,-0.0008875116
2026-04-26 05:00:00,-0.001444662
2026-04-26 06:00:00,-0.00061840663
2026-04-26 07:00:00,-0.00044885016
2026-04-26 08:00:00,0.00077962375
2026-04-26 09:00:00,0.0013433722
2026-04-26 10:00:00,0.0016216473
2026-04-26 11:00:00,-9.484432e-05
2026-04-26 12:00:00,-0.0022957143
2026-04-26 13:00:00,-0.0028306209
2026-04-26 14:00:00,-0.0030497524
2026-04-26 15:00:00,-0.0039764014
2026-04-26 16:00:00,-0.0035352143
2026-04-26 17:00:00,-0.0028600832
2026-04-26 18:00:00,-0.0027758242
2026-04-26 19:00:00,-0.0031160868
2026-04-26 20:00:00,-0.0038794233
2026-04-26 21:00:00,-0.0039920495
2026-04-26 22:00:00,-0.003734887
2026-04-26 23:00:00,-0.0033725447
2026-04-27 00:00:00,-0.0033695875
2026-04-27 01:00:00,-0.003669937
2026-04-27 02:00:00,-0.0024731585
2026-04-27 03:00:00,0.013089191
2026-04-27 04:00:00,0.026095357
2026-04-27 05:00:00,0.037841957
2026-04-27 06:00:00,0.049174767
2026-04-27 07:00:00,0.050883662
2026-04-27 08:00:00,0.12316172
2026-04-27 09:00:00,0.12961774
2026-04-27 10:00:00,0.08783358
2026-04-27 11:00:00,0.12902194
2026-04-27 12:00:00,0.14167479
2026-04-27 13:00:00,0.15668225
2026-04-27 14:00:00,0.16821879
2026-04-27 15:00:00,0.17853305
2026-04-27 16:00:00,0.18771832
2026-04-27 17:00:00,0.19860667
2026-04-27 18:00:00,0.2045117
2026-04-27 19:00:00,0.2108307
2026-04-27 20:00:00,0.21733385
2026-04-27 21:00:00,0.22775933
2026-04-27 22:00:00,0.23306045
2026-04-27 23:00:00,0.24074864
2026-04-28 00:00:00,0.24795446
2026-04-28 01:00:00,0.2566374
2026-04-28 02:00:00,0.2642552
2026-04-28 03:00:00,0.27033278
2026-04-28 04:00:00,0.27627698
2026-04-28 05:00:00,0.28127992
2026-04-28 06:00:00,0.28664643
2026-04-28 07:00:00,0.29325667
2026-04-28 08:00:00,0.3014152
2026-04-28 09:00:00,0.31266212
2026-04-28 10:00:00,0.32358527
2026-04-28 11:00:00,0.33375192
2026-04-28 12:00:00,0.34322473
2026-04-28 13:00:00,0.35211977
2026-04-28 14:00:00,0.35722685
2026-04-28 15:00:00,0.36074415
2026-04-28 16:00:00,0.36380917
2026-04-28 17:00:00,0.3661744
2026-04-28 18:00:00,0.36742008
2026-04-28 19:00:00,0.36833167
2026-04-28 20:00:00,0.3699419
2026-04-28 21:00:00,0.37262565
2026-04-28 22:00:00,0.375977
2026-04-28 23:00:00,0.37973833
2026-04-29 00:00:00,0.38540027
2026-04-29 01:00:00,0.39158234
2026-04-29 02:00:00,0.39897868
2026-04-29 03:00:00,0.40542302
2026-04-29 04:00:00,0.40969515
2026-04-29 05:00:00,0.41169026
2026-04-29 06:00:00,0.4121159
